ID,Material,Vision Description Target,Project Idea,Difficulty,Time to Complete,Instructions
1,Wood Pallet,"wood, pallet, wooden planks, timber, slatted wood, rustic boards",Pallet Piano Revival,Intermediate,4 hours,"Begin by carefully disassembling your wood pallet into individual planks, ensuring that all screws and nails are removed. Next, sort the planks according to their dimensions and condition. Set aside any damaged or warped boards for use as decorative trim. Remove any existing finish from the remaining planks using a sanding block or power sander. Clean the planks thoroughly with a tack cloth or vacuum cleaner to remove dust and debris. Paint the planks with a coat of primer, allowing it to dry completely before applying two coats of your desired piano finish color. Once the paint is dry, begin arranging the planks in a staggered pattern on a flat surface to create the basis for your piano keyboard layout. Use a combination square and pencil to mark the position of each key cap. Cut out the key caps from 1/4-inch thick MDF or plywood using a jigsaw or circular saw. Sand the cut edges smooth and apply a coat of polyurethane to protect against wear. Reassemble the pallet planks into their original configuration, leaving space between each plank for easy removal and reinstallation of the key caps. Attach the key caps to the planks using a combination of screws and piano hinges. To create the piano's soundbox, cut a 1/4-inch thick MDF panel to fit within the pallet frame, attaching it using screws or nails. Add decorative trim around the edges of the soundbox, and attach any additional embellishments such as carved wooden accents or metallic inlays. Finally, attach a set of guitar strings or wire to create the piano's action, allowing for key depression and sound production. To complete your Pallet Piano Revival, attach a set of wooden legs or casters to ensure stability and mobility."
2,Glass Jar,"glass jar, mason jar, clear glass container, empty jam jar, transparent cylinder","Glowing Terrarium in a Glass Jar: A Whimsical, Miniature Ecosystem",Intermediate,2 hours 30 minutes,"Laminate the glass jar using a hair dryer and a heat-resistant sealant to prevent water from seeping through. This step is crucial in creating a self-sustaining ecosystem within the jar. Next, create a miniature landscape on a small piece of cardboard or paper mache by mixing modeling clay with paint and adding small rocks, pebbles, or sand for texture. Cut out shapes resembling hills, valleys, and mountains to create depth. Allow the mixture to dry completely before moving on to the next step. Paint the glass jar with acrylics in a gradient effect, transitioning from light blue at the top to dark blue at the bottom, mimicking the ocean's sky. Once the paint is dry, apply a coat of varnish to seal it and add protection against water damage. Cut out small pieces of twine or string and use them as miniature bridges connecting land masses in the jar. Attach these using hot glue or epoxy resin. Create tiny plants using wire armature, floral tape, and artificial leaves. Glue the wire frames to a wooden skewer to create stems that can be inserted into the jar's soil. Insert the skewers into the jar, arranging them to resemble a miniature forest. Add small pebbles or marbles around the base of each stem to prevent water from accumulating and creating an uneven surface. Mix water with a few drops of food coloring in a separate container. Slowly pour this mixture over the mini-ecosystem while observing how it interacts with the jar's environment, creating ripples and subtle changes in the colored water. The final result should resemble a miniature oceanic world within the glass jar."
3,Tin Can,"metal can, tin can, aluminum can, soup can, ridged metal cylinder",Tin Can Kaleidoscope Lantern: A Whimsical Night Light,Intermediate,1 hour 15 minutes,"Begin by selecting a sturdy tin can with a wide mouth, such as an empty food or coffee can. Clean and dry the can thoroughly, then use a metal file or sandpaper to smooth out any sharp edges. Next, cut a circular hole in the center of one end of the can using a jigsaw or a craft knife, making sure it's large enough for your kaleidoscope design to fit through. Now, gather materials: a small LED tea light, a piece of transparent plastic or acrylic sheeting (approximately 6 inches square), a few scraps of colored tissue paper, some clear glue, and a metal ring or a small tin lid. Cut the plastic sheeting into a smaller square, about half the size of the can's interior. This will serve as your kaleidoscope window. Using clear glue, attach the plastic to the inside of the can's curved surface, making sure it's centered over the hole you created earlier. Now, cut strips of colored tissue paper and layer them on top of each other within the can, leaving space for the LED light to fit. Glue the layers in place, using a gentle touch to avoid wrinkles or creases. Next, insert the LED tea light into the can through the circular hole you created earlier. This will serve as your lantern's 'heart'. To create the kaleidoscope effect, carefully cut slits in the colored tissue paper layers, from the bottom up, spaced evenly apart. These slits should not go all the way through the layers - just deep enough to allow a glimpse of the colors within. Finally, attach the metal ring or tin lid around the can's mouth using wire or hot glue. This will create a charming handle for your lantern. Place the LED light inside and enjoy the kaleidoscopic patterns as they reflect off the colored tissue paper layers. Be creative with your color choices and arrangement of the tissue paper to achieve different visual effects. As night falls, this enchanting lantern will cast an otherworldly glow in any room."
4,Pencil Shavings,"wood shavings, pencil shavings, colored pencil tips, thin wood curves",Whimsical Woodland Wishes Wind Chime,Intermediate,1 hour 15 minutes,"Gather materials: Pencil shavings, wire hanger, wooden beads or small dowels, string or twine, scissors, hot glue gun, paint and paintbrushes, a drill with screwdriver bit, and decorative items like shells, pebbles, or small pieces of glass. Sort the pencil shavings by color to create distinct categories. Begin by gluing a small handful of each colored shaving onto the wooden beads or dowels using the hot glue gun, making sure not to overcrowd them. Once dry, set aside for later use. Cut a length of wire hanger and bend it into a desired shape for the wind chime's framework. Use the drill with screwdriver bit to create holes at evenly spaced intervals along the framework. Thread the string or twine through the holes and tie knots to secure it in place. Paint the framework with a coat of primer followed by multiple thin coats of metallic paint, allowing each coat to dry completely before applying the next. Meanwhile, thread the wooden beads or dowels onto the string or twine, spacing them evenly apart. Once the paint is dry, attach the beads or dowels to the framework using wire hanger strips wrapped around the string and tied in a secure knot. To add a personal touch, tie a few shells or pebbles onto the string between the beads or dowels. Hang the wind chime in a breezy location and enjoy its melodious sounds while being surrounded by a whimsical display of colors reminiscent of pencil shavings."
5,Old T-Shirt,"fabric, t-shirt, cotton shirt, old clothing, cloth, textile fabric",Whimsical Woven Wall Hanging: Upcycled T-Shirt Dreamcatcher,Intermediate,2 hours and 15 minutes,"Begin by collecting a variety of old t-shirts in various colors and textures. For this project, you will need at least three shirts in different shades of blue. Cut the front panels from each shirt into long strips, approximately one inch wide. You can use scissors or a craft knife for this task.

Next, prepare your loom or a simple tensioned string framework to create a basic weave pattern. If you don't have a loom, you can use a picture frame or a piece of cardboard with evenly spaced holes drilled into it as a substitute.

Begin weaving the strips onto the loom in a random, yet aesthetically pleasing manner. Make sure to maintain a balanced and visually appealing design throughout the process. You may want to experiment with different patterns and textures by incorporating additional materials such as yarn, ribbon, or even newspaper cut into strips.

Once you have completed weaving your desired pattern, tie off the final strip and gently remove it from the loom. If using a picture frame, simply lift it away from the back panel that has been attached to it using glue or another adhesive.

Cut a piece of sturdy string or twine and attach one end to the top of the woven t-shirt strips, then tie the other end around a small wooden dowel or a wire hanger. This will serve as the hanging mechanism for your wall decoration.

To create the dreamcatcher element, cut a circular shape from a piece of leather or suede. You can use scissors or a craft knife to achieve this. Attach a length of twine or string to the top edge of the circle and tie it around the dowel or hanger's center. This will suspend your woven t-shirt strips within the circular frame.

Finish off the dreamcatcher by tying small pieces of yarn, thread, or even dental floss in a pattern across the surface of the leather or suede. These will represent the spider webs found on real dreamcatchers.

Lastly, tie the loose ends of the twine or string around the top and bottom edges of the dowel or hanger to secure everything in place. Your whimsical woven wall hanging is now complete."
6,Wine Cork,"cork, wine cork, wooden stopper, cylinder corks, pile of corks",Wine Cork Terrarium Mobile,Intermediate,2 hours 15 minutes,"Gather materials: wine corks, wire coat hanger, scissors, pliers, hot glue gun, decorative items like beads, small bells, or other trinkets. Straighten the coat hanger and cut into smaller sections for armature. Bend each section into a desired shape to form the mobile's framework. Arrange wine corks on the framework, securing them with hot glue. For added visual interest, wrap wire around cork clusters to create focal points. Experiment with different color combinations by grouping corks by hue or arranging contrasting colors. Add decorative elements like beads or small bells to accentuate certain areas of the mobile. Finally, attach a sturdy string or twine to top of framework for hanging purposes. Hang in a sunny window to showcase your unique upcycled creation."
7,Glass Jar,"glass jar, mason jar, clear glass container, empty jam jar, transparent cylinder","Glowing Terrarium in a Glass Jar: A Miniature, Self-Sustaining Eco-System",Intermediate,2 hours 30 minutes,"Ambitious upcyclers, get ready to create an enchanting miniature world within a glass jar. This project requires patience and some basic knowledge of plant care. Start by collecting the following materials: a clean glass jar with a wide mouth, a handful of small rocks or pebbles, a layer of activated charcoal (optional), a selection of tiny plants with different textures and light requirements (e.g., mosses, ferns, and succulents), a miniature LED lamp or string lights, a small water spray bottle, and a few decorative items like seashells, pinecones, or small stones. Begin by preparing the jar's interior: rinse it thoroughly and dry it completely with a soft cloth. Next, add a 1-inch layer of small rocks or pebbles to the bottom for drainage. If desired, sprinkle a thin layer of activated charcoal on top to help control moisture and prevent mold growth. Now, create a visually appealing arrangement of plants by placing them in a harmonious pattern within the jar, leaving enough space for air circulation and water flow. To add some extra depth and visual interest, gently tuck decorative items among the plants or around the glass walls. With a small amount of water spray bottle moisture, adjust the soil to create a stable environment for your mini-ecosystem. Insert the LED lamp or string lights near the top of the jar, taking care not to damage any plants. As the light fades or is turned off, observe how the terrarium transforms at night: tiny bioluminescent mushrooms (not provided) can grow on plant stems and emit a soft blue-green glow. This self-sustaining ecosystem will thrive with proper care, becoming an ethereal display of miniature natural wonders."
8,Denim Jeans,"denim, blue jeans, torn jeans, fabric, blue cloth, heavy textile",Denim Jeans Wind Chime of Whimsy,Intermediate,2 hours,"Begin by collecting an assortment of Denim Jeans, with a focus on contrasting colors and patterns. Cut the legs off the jeans into various lengths, ranging from 12 to 30 inches. You will need at least five distinct pieces for the wind chime's pendulums. Set aside any usable pockets or zippers as accents. Prepare your workspace by laying out the denim strips in a way that creates visual harmony. Next, cut a series of thin slits along the length of each strip, approximately 1 inch apart and 1/2 inch deep. This will provide a sturdy yet malleable structure for hanging small objects. Cut out a selection of metal washers or paper clips to serve as wind chime elements; attach them to the ends of the denim strips using wire or string. Begin constructing your wind chime's base by threading multiple strips through a metal ring or a wooden dowel, ensuring even spacing between each piece. To create unique textures and add visual interest, incorporate hand-stitched embroidery floss or yarn into selected areas of the denim. Secure any loose threads with needle and thread. Once the base is complete, hang your wind chime in an area with moderate airflow, allowing it to capture the subtle sounds of nature."
9,Plastic Bottle,"clear, plastic, empty, water bottle, crushed bottle, transparent plastic",Mood Light Chandelier: Transforming a Plastic Bottle into a Whimsical Lighting Fixture,Intermediate,2 hours,"Gather the necessary materials, including an empty plastic bottle (1.5-2 liters), a drill with a 1/8 inch drill bit, copper wire, LED lights (string or fairy lights), a battery pack, electrical tape, scissors, hot glue gun, and a wooden dowel rod (optional). Clear the work surface and wear protective gear like safety goggles and gloves. Begin by cutting off the top third of the plastic bottle using scissors or a craft knife, then carefully remove any remaining label residue with soap and water. Flip the bottle upside down and use a drill to create two small holes on either side, about 1 inch apart. Next, thread the copper wire through the holes and wrap it around the neck of the bottle, securing the wire in place with electrical tape. Now, string the LED lights along the length of the wire, spacing them evenly for a mesmerizing effect. If using fairy lights, bend them into loose, curved shapes to add visual interest. Cut a piece of copper wire and attach it to each end of the wooden dowel rod (if using), then wrap the other ends around the bottle's neck, securing with electrical tape. This will create a suspension system for the light fixture. Insert the LED lights or fairy lights into their respective holders, then connect the battery pack according to the manufacturer's instructions. Finally, hang your unique Mood Light Chandelier in a window or from a hook, adjusting the wire length as needed to achieve the desired level of brightness and whimsy."
10,Denim Jeans,"denim, blue jeans, torn jeans, fabric, blue cloth, heavy textile",Denim Jean Botanical Terrarium with Copper Accents,Intermediate,2 hours 30 minutes,"Avoid the landfill and give old denim jeans a new life by transforming them into stunning botanical terrariums. This unique upcycling project combines repurposed denim, copper accents, and lush greenery for a captivating home decor piece.

Materials:
Old denim jeans (preferably with interesting patches or embroidery)
Glass container or vase (at least 6-8 inches tall)
Copper wire or tubing
Hot glue gun and glue sticks
Decorative rocks or pebbles
Sphagnum moss
Small plants of your choice (succulents, ferns, or wildflowers work well)
Optional: paint, markers, or other embellishments

Step 1: Prepare the Denim
Cut a section from the jeans that's approximately 6-8 inches wide and 12-14 inches long. Remove any pockets, rivets, or other hardware that may interfere with the terrarium's structure.

Step 2: Create the Copper Accents
Uncoil copper wire or tubing and cut two pieces, each about 10-12 inches long. Bend one piece into a cylindrical shape to create a base for your plants. Use hot glue to secure it to the inside of the glass container.

Step 3: Assemble the Terrarium
Place a layer of decorative rocks or pebbles at the bottom of the glass container to provide drainage. Add a small amount of sphagnum moss, followed by a selection of small plants. Arrange them to your liking, leaving enough space for air circulation.

Step 4: Add the Denim Wrap
Cut the prepared denim section into a rectangular shape that will wrap around the middle of the glass container. Use hot glue to attach it, starting from the bottom and working your way up. Ensure the denim is smooth and wrinkle-free as you go.

Step 5: Embellish with Copper Wire
Wrap copper wire around the neck of the glass container to create a beautiful, organic-looking handle. You can also use wire to add decorative elements or patterns to the denim wrap.

Step 6: Add Final Touches
Use paint or markers to add personal touches or subtle design elements to your terrarium's exterior. If desired, attach small decorative items like seashells, pebbles, or even tiny trinkets to enhance its unique charm.

Tips and Variations:
To make the project more challenging, try incorporating repurposed materials like vintage buttons, zippers, or fabric scraps into the design.
For a more rustic look, leave some of the denim's original patches and embroidery intact.
Consider adding a small LED light or fairy lights to create an enchanting ambiance in the evening."
11,Wine Cork,"cork, wine cork, wooden stopper, cylinder corks, pile of corks",Wine Cork Wind Chime: A Musical Masterpiece,Intermediate,2 hours and 15 minutes,"Gather materials: wine corks, copper wire, metal ring, scissors, pliers, hammer, nail, drill press, drill bit, saw, sandpaper, wood glue, wooden dowel, and a small piece of metal sheet. Clean and dry the wine corks thoroughly. Cut the wooden dowel to 12 inches in length using a saw. Drill two holes, one at each end of the dowel, about 1 inch from the ends, using a drill press with a 1/4-inch drill bit. This will serve as the base for the wind chime. Cut four pieces of copper wire to 10 inches in length, each piece will be used to attach a wine cork to the wooden dowel. Using pliers and wire cutters, shape one end of each copper wire into a hook-like shape. This will allow you to hang the wine corks from the wooden dowel. Cut four more pieces of copper wire to 6 inches in length for hanging the wind chime. Cut the metal sheet into two equal-sized pieces, about 2x4 inches in size. These pieces will serve as the backing and fronting for a small wooden panel that will be attached to the back of the wind chime. Using a drill press with a 1/8-inch drill bit, create four holes on each metal piece, evenly spaced apart. These holes will hold the wooden dowel in place when attached to the wind chime. Cut the wooden dowels to fit between the metal pieces, creating a small frame for the wooden panel. Attach the wooden dowels using wood glue and hammer them into place. Using a saw, cut two more wooden dowels to fit on either side of the wind chime, about 6 inches apart. These will serve as the hanging rods for the wind chime. Attach the copper wire hooks to each wine cork, then attach each wine cork to the wooden dowel using the copper wires. Hang the wind chime in a breezy spot and enjoy the melodic sounds created by the wine corks."
12,Plastic Bottle,"clear, plastic, empty, water bottle, crushed bottle, transparent plastic",Glow-in-the-Dark Starlight Chandelier,Intermediate,3 hours,"Transform a plastic bottle into an ethereal, otherworldly chandelier that will mesmerize your guests with its glow. This project requires some basic crafting skills and patience, but the result is well worth it. Start by cleaning and drying the plastic bottle thoroughly. Next, use a hot glue gun to create a series of intricate, swirling patterns on the exterior of the bottle using glow-in-the-dark paint or markers. Make sure to let each layer dry completely before adding more details. While the paint is drying, cut out several identical shapes from cardstock or thin cardboard - you'll need about 10-15 pieces depending on the size of your chandelier. These will be used as the individual stars that make up the design. Use a small drill bit to create a hole at the top of each star, just large enough for a length of string or twine to pass through. Cut a piece of fishing line or clear thread and tie one end to the top of the bottle using a small knot. Begin threading the stars onto the thread, spacing them out evenly to create a sense of movement and depth. As you add each star, use a dab of hot glue to secure it in place - this will help prevent them from coming loose over time. Continue adding stars until the entire chandelier is covered, making sure to leave some space between each one for maximum sparkle effect. To finish, tie the remaining end of the thread to the top of the bottle and trim any excess. Hang your starlight chandelier in a window or from the ceiling to watch it come alive with an soft, eerie glow."
13,Denim Jeans,"denim, blue jeans, torn jeans, fabric, blue cloth, heavy textile",Denim Disco Ball Chandelier,Intermediate,2 hours 15 minutes,"Start by carefully disassembling the denim jeans into individual components, separating the fabric from the rivets and buttons. Set aside the usable fabric for later use. Remove any remaining hardware from the rivets and clean them thoroughly. Next, gather a variety of materials including an old CD or vinyl record, copper wire, hot glue gun, scissors, a drill press or hand drill with small drill bits, metal file, and a sturdy frame or wooden dowel. Begin by cutting the denim fabric into long strips, approximately 1-2 inches wide, depending on the desired width of your chandelier's fringe. Cut multiple strips to create enough material for your project. Using copper wire, begin weaving the denim strips around the CD or vinyl record, creating a layered effect with each strip overlapping the previous one. As you work, gently stretch and manipulate the fabric to achieve an even, textured appearance. Once complete, set the woven disc aside. Next, using hot glue, attach small metal rings or clasps to the ends of the denim strips. These will serve as hanging points for your chandelier's fringe. Drill a hole at each end of the wooden dowel or frame, approximately 1 inch from either end. Thread the copper wire through these holes and secure with additional wire or hot glue. Hang your Denim Disco Ball Chandelier in a prominent location, adjusting the length of the fringe as needed to achieve optimal visual effect."
14,Tin Can,"metal can, tin can, aluminum can, soup can, ridged metal cylinder",Tin Can Terrarium Time Capsule,Intermediate,2 hours and 15 minutes,"Gather the following materials: an empty tin can, a variety of small rocks or pebbles, activated charcoal, sphagnum moss, a few succulent plants, a small decorative item (such as a shell or a tiny figurine), a hot glue gun, and a pair of scissors. First, thoroughly clean the tin can with soap and water to remove any residual odors or debris. Next, use the hot glue gun to attach a small layer of activated charcoal to the inside bottom of the can. This will help prevent mold growth and retain moisture. Fill about an inch of the can with the rocks or pebbles, followed by a thin layer of sphagnum moss. Plant your succulent(s) in the moss, making sure not to overwater. Add a few decorative items around the plants for visual interest. Finally, seal the top of the can using the hot glue gun and attach a small label with the date and any other relevant information. Place the terrarium in a sunny spot, but avoid direct sunlight to prevent overheating. Over time, observe how the succulents adapt to their new environment and record your findings. When you're ready to open the capsule, simply cut off the sealed top of the can using scissors or a craft knife."
15,Denim Jeans,"denim, blue jeans, torn jeans, fabric, blue cloth, heavy textile",Lumina Luminous Lanterns: Upcycling Denim Jeans into Ethereal Hanging Light Sculptures,Intermediate,2 hours and 15 minutes,"Begin by selecting a pair of sturdy, dark-washed denim jeans with minimal fraying or damage. Remove all buttons, zippers, and pockets, setting them aside for potential reuse in future projects. Cut the jeans into eight equal rectangular sections, approximately 12 inches wide and 24 inches long. Set these aside for later use. Next, gather a variety of materials: copper wire, LED tea lights, a hot glue gun, decorative scissors, and a few yards of transparent fishing line or clear thread. Begin crafting your lantern's framework by coiling the copper wire into an intricate, abstract design on a flat surface. This will serve as the lantern's base structure. Once complete, carefully attach the denim sections to the wire framework using hot glue, working from the bottom up to maintain even tension. Be mindful of any potential darkening or warping of the denim due to heat exposure. Allow the glue to set before proceeding. For added depth and visual interest, cut intricate shapes or patterns into the remaining denim fabric scraps using decorative scissors. These can be used as decorative accents or appliques on your lantern's exterior. Using a hot glue gun, attach these elements in place, arranging them to create an organic, natural design aesthetic. To illuminate your luminary masterpiece, thread an LED tea light into each denim section, positioning it within the wire framework. Secure the lights using clear thread or fishing line, ensuring they remain stable and evenly spaced. Finally, carefully lift and hang your Lanterns of Lumina from a sturdy hook or fixture, adjusting their placement to maximize natural light diffusion. As night falls, watch as your upcycled creations dance with soft, ethereal light, casting an otherworldly ambiance in any room."
16,Coffee Grounds,"coffee grounds, wet brown powder, dirt-like powder, used espresso",Glamorous Coffee Ground Terrariums with Miniature Cityscapes,Intermediate,1 hour and 15 minutes,"Start by gathering an assortment of items, including a clear glass container or jar with a wide mouth (around 2-3 inches in diameter), a packet of coffee grounds, small pebbles or river rocks, activated charcoal powder, decorative gravel, miniature furniture pieces (such as tiny chairs, tables, and buildings), a small LED tea light or fairy lights, and any other desired embellishments like seashells, pinecones, or tiny plants. Ensure the glass container is clean and dry before proceeding. Place a thin layer of pebbles at the bottom of the container to facilitate drainage and prevent waterlogged soil. Next, add a small amount of activated charcoal powder on top of the pebbles to absorb any moisture and odors from the coffee grounds. Now it's time for the creative aspect: design your miniature cityscape within the glass container using the tiny furniture pieces, arranging them in a visually appealing composition that creates depth and interest. You can use a small amount of hot glue or white school glue to secure larger items like buildings or trees, but be cautious not to over-glue as this may cause the materials to become too heavy for the glass container. Once your cityscape is complete, sprinkle a thin layer of coffee grounds around and on top of the miniature structures, ensuring they are evenly distributed. Finally, place a small LED tea light or fairy lights within the container to create an enchanting ambiance. For added texture and visual interest, scatter decorative gravel around the edges of the glass container and finish by arranging any additional embellishments like seashells or pinecones along the rim of the container or among the miniature cityscape."
17,Newspaper,"paper, newspaper, newsprint, crumpled paper, torn pages, text printed paper",Newspaper Origami Lanterns,Intermediate,2 hours and 30 minutes,"A unique and mesmerizing project that will transform your old newspapers into stunning lanterns. You'll need the following materials: newspaper, scissors, glue, a craft stick or pencil, a ruler, a protractor, a hot glue gun, and a few tea lights or small LED candles.

Step 1: Fold and Cut Newspaper Strips
Fold the newspaper in half lengthwise, then cut it into thin strips along the folded edge. Unfold the paper and you'll see that you have created a series of narrow rectangles with folded edges.

Step 2: Create the Lantern Base
Cut out two identical hexagonal shapes from the newspaper strips using scissors or a craft knife. You can use a template or draw the shape freehand. The hexagons should be large enough to form the base of your lantern and have a slightly tapered edge for stability.

Step 3: Create the Lantern Sides
Cut out multiple hexagonal shapes, each slightly smaller than the last. This will create the sides of your lantern. You'll need at least six or eight strips depending on how tall you want your lantern to be.

Step 4: Assemble the Lantern
Use a hot glue gun to attach the lantern sides to the base, overlapping them slightly as you go. Make sure to leave a small gap at the top for attaching the final hexagon.

Step 5: Add a Finishing Touch
Cut out a small hexagonal shape for the lantern's finial. Attach it to the top using hot glue and add a tea light or LED candle inside. Your beautiful origami lantern is now complete."
18,Newspaper,"paper, newspaper, newsprint, crumpled paper, torn pages, text printed paper",Newspaper Origami Lanterns: A Whimsical & Eco-Friendly Lighting Solution,Intermediate,2 hours 15 minutes,"Gather a large collection of old newspapers, scissors, glue, a craft knife or X-Acto blade, and a pencil. Begin by laying out the newspaper pages in front of you. Fold each page into a compact square shape, approximately 6 inches on each side. Create an origami-inspired lantern base using six to eight folded pages. Apply a thin layer of white glue to the edges of each square, allowing them to bond together as you shape your lantern form. Next, carefully cut out intricate patterns or shapes from the remaining newspaper pages, such as flowers, leaves, or abstract designs. Use these cutouts to create an eclectic mosaic effect by gluing them onto the lantern's exterior in a decorative arrangement. To add lighting, place a tea light or small LED candle inside your origami lantern framework. Make any necessary adjustments to ensure even coverage and stability. Secure your design with additional glue dots if needed. Finally, display your whimsical newspaper lantern as a unique centerpiece, room decoration, or outdoor accent piece."
19,Glass Jar,"glass jar, mason jar, clear glass container, empty jam jar, transparent cylinder",Galaxy Glass Jar Lantern with LED Lighting and Mosaic Art,Intermediate,2 hours 30 minutes,"Luminous Galaxy Glass Jar Lantern with Mosaic Art: Unleash Your Inner Artist and Light Up the Night. Combine upcycling, glass art, and a dash of magic in this enchanting project that transforms an old jar into a breathtakingly beautiful lantern, infused with LED lighting and mosaic splendor. Prepare to get creative and take your DIY skills to new heights! First, gather your materials: - 1 clean, dry glass jar (any shape or size) - LED strip lights (warm white or color-changing) - Battery pack (rechargeable) - Mosaic tiles (various colors and shapes) - Glass adhesive (e.g., E6000) - Sealant (clear nail polish or varnish) - Paintbrushes (various sizes) - Decorative items (optional, e.g., seashells, pebbles, or small figurines) Next, clean the jar thoroughly with soap and water, then dry it completely. If your jar has a lid, remove it to create an opening for the LED lights. Cut the LED strip to fit inside the jar's neck, leaving enough length for the battery pack. Use electrical tape to secure the LED strip to the jar's interior. Apply a thin layer of glass adhesive around the rim of the jar, creating a border for the mosaic tiles. Arrange your chosen tiles in a harmonious pattern or design on the adhesives 'border'. Allow the adhesive to dry completely before adding additional layers or designs. Once the mosaic is complete, seal it with clear nail polish or varnish to protect against moisture and fading. Next, wrap the battery pack around the jar's neck, securing it with electrical tape. Cut a small piece of LED strip to connect to the battery pack and place it inside the jar, near the opening. Use clear glass adhesive to attach any decorative items you like, such as seashells or pebbles. Finally, add paint strokes of contrasting colors around the lid area, creating an ombre effect that resembles a galaxy's atmosphere. Allow the paint to dry completely before placing the LED lights inside the jar and attaching the battery pack. As night falls, watch your Galaxy Glass Jar Lantern come alive with the soft glow of LED lighting, its mosaic artistry radiating like stars in the darkness. Display it proudly on a shelf or table, and bask in the creative fulfillment of upcycling an old glass jar into a one-of-a-kind masterpiece."
20,Coffee Grounds,"coffee grounds, wet brown powder, dirt-like powder, used espresso",Coffee Grounds Terrarium: A Miniature Ecosystem,Intermediate,2 hours,"Coffee Grounds Terrarium: A Miniature Ecosystem is an innovative upcycling project that transforms coffee grounds into a thriving miniature world. This intricate, self-sustaining ecosystem combines the rich soil of spent coffee with mosses, ferns, and tiny succulents to create a captivating display piece for your home or office. As a bonus, this terrarium will also purify the air by absorbing carbon dioxide and releasing oxygen. Follow these steps to bring this unique project to life: Begin by gathering materials: 1 cup of coffee grounds, 1 small glass container (a jar or vase), 1 bag of moss, 2-3 tiny ferns or succulents, a handful of activated charcoal, a spoon, and a spray bottle. Fill the container about one-third with the coffee grounds, followed by a layer of activated charcoal to control moisture levels. Add another layer of coffee grounds, then gently place the moss and plants on top. Spray the terrarium lightly with water to settle the soil and plant roots. Place the lid loosely on the container to maintain humidity while allowing air exchange. This setup will create an ideal environment for mosses and ferns to grow. To make this project truly unique, add decorative elements such as small pebbles, seashells, or even a tiny figurine. Allow the terrarium to mature over time, observing how it adapts to changing conditions. With proper care, your Coffee Grounds Terrarium will continue to flourish and purify the air for months to come."
21,Wood Pallet,"wood, pallet, wooden planks, timber, slatted wood, rustic boards",Whimsical Wood Pallet Woven Wall Art,Intermediate,2 hours and 15 minutes,"Gather the following materials: a wooden pallet, a hot glue gun, a pair of scissors or a craft knife, a ruler or straightedge, a pencil, a marker, a variety of colored yarns or threads, a sewing machine (optional), a piece of cardboard or cardstock, and a few decorative items like beads or sequins. Begin by disassembling the pallet into its individual planks. Sort the planks according to their length and width. Set aside any damaged or warped boards. Next, lay out the sorted planks on a flat surface in a random pattern. Using a ruler or straightedge, draw a series of intersecting lines on each plank with a pencil. These lines will serve as guides for your woven design. Cut along the drawn lines using scissors or a craft knife to create thin strips of wood. Set aside any excess wooden shavings and dust. To create the weaving pattern, begin by gluing two adjacent planks together at one end using hot glue. Continue adding planks in an alternating pattern, overlapping each piece slightly as you go. Use a ruler or straightedge to ensure that your weaving is even and symmetrical. As you add more layers of wood, the design will start to take shape. Once you've completed the main structure of your wall art, use a marker to draw a series of intricate patterns on the surface of each plank. These can be simple lines, shapes, or even words. To add an extra layer of depth and interest, sew colored yarns or threads through the weaving pattern using a sewing machine or by hand. Start at one end of the wall art and work your way down, leaving a small gap between each color to create a gradient effect. Finally, attach a piece of cardboard or cardstock to the back of the wall art as a stabilizing frame. Use hot glue to secure it in place. To add a decorative touch, sprinkle beads or sequins onto the surface of the wall art before gluing on the final layer of wood. Allow the glue to dry completely before displaying your finished Whimsical Wood Pallet Woven Wall Art."
22,Wood Pallet,"wood, pallet, wooden planks, timber, slatted wood, rustic boards",Pallet Planetarium: A Glimmering Celestial Dome,Intermediate,3 hours and 45 minutes,"To create a Pallet Planetarium, you'll need a few specialized tools and materials. Start by collecting the following items: an old wooden pallet, a glass or acrylic jar with a wide mouth, a string of fairy lights, a battery-operated tea light, some copper wire, a hot glue gun, and a handful of small decorative rocks or pebbles. Begin by disassembling the pallet into individual planks, then use the wood to create a sturdy frame for your planetarium. Assemble the frame using nails or screws, making sure it's stable and even. Next, place the glass jar in the center of the frame, securing it with hot glue to prevent it from toppling over. Wrap the copper wire around the neck of the jar to create a unique, otherworldly ambiance. Now it's time to add some twinkling lights! Thread the fairy lights through the wooden slats and tie them off with small pieces of twine or wire. Make sure they're evenly spaced and won't obstruct your view of the planetarium. For an extra touch of magic, place a few decorative rocks around the base of the planetarium to resemble stars in the night sky. Finally, place the battery-operated tea light inside the jar to create a warm, glowing effect that will make you feel like you're gazing up at a celestial dome. Hang your Pallet Planetarium from a sturdy beam or hook and watch as it becomes a breathtaking focal point for any room. As an added bonus, you can customize the planetarium with paint or stencils to match your home's décor. Get creative and have fun!"
23,Old T-Shirt,"fabric, t-shirt, cotton shirt, old clothing, cloth, textile fabric",Luminescent Lantern T-Shirt Mosaic,Intermediate,2 hours,"Gather materials: an old t-shirt, a few tea lights or fairy lights, some copper wire, a pair of scissors, a hot glue gun, a craft knife, a metal mesh (like a window screen), and some decorative items like beads or sequins. Begin by cutting the t-shirt into thin strips, approximately 1-2 inches wide. These will be used to create the mosaic pattern on your lantern. Cut the tea lights or fairy lights to fit inside the lantern's container. Unravel any excess wire from the copper wire and cut it into short lengths. Using the hot glue gun, attach the t-shirt strips to the metal mesh in a random pattern. Be creative with the design! Once you've covered the entire mesh, use the copper wire to create a border around the edges of the mesh. Cut small pieces of wire and attach them to the lantern's handle or hanger to secure it. Place the tea lights or fairy lights inside the lantern and test it out. Add some decorative items like beads or sequins to give your lantern a pop of color. To finish, tie the lantern's handle with some twine or ribbon and voila! You now have a unique piece of upcycled art that's perfect for indoor lighting. Experiment with different colors and patterns on your t-shirt strips to create various designs. Don't be afraid to get creative and add personal touches like monograms or names. The best part about this project is that it's an ongoing process - you can always update the design or add new features as you see fit."
24,Old T-Shirt,"fabric, t-shirt, cotton shirt, old clothing, cloth, textile fabric",Upcycled T-Shirt Mosaic Mirror,Intermediate,2 hours 15 minutes,"To create a stunning upcycled mosaic mirror, you'll need an old t-shirt, a wooden frame (or a picture frame with a glass front), a hot glue gun, scissors, a craft mat or other work surface, and some decorative items like beads, sequins, or small tiles. Start by laying out the t-shirt on your work surface and stretching it to its full dimensions to get an idea of the size you'll need. Cut out shapes and patterns from the t-shirt using scissors or a craft knife - aim for contrasting colors and textures to add visual interest. Once you have a good selection of cut-out pieces, arrange them on the frame's backing board in a mosaic pattern. Use hot glue to secure each piece in place, starting from the center and working your way outwards to prevent any distortions. As you glue, consider adding some additional decorations like beads or sequins to enhance the design. Once all the t-shirt pieces are attached, use a spray adhesive to apply a thin layer of varnish over the entire surface - this will protect the fabric and give it a glossy finish. Finally, reassemble the frame by attaching the backing board to the glass front using the manufacturer's recommended method. Your upcycled mosaic mirror is now ready to hang in your home as a unique piece of art."
